,Timestamp,Activity,Activity Delay,Activity Type
22004,2025-03-10 10:25:11,"[2025-03-10 10:25:11] # :rocket: Focused Search for Relevant Bazinga Files (Avoiding Unnecessary Folders),True,False,False,False,False,False,False,False,False,False,False",0.5,Search
21665,2025-03-10 09:45:41,"[2025-03-10 09:45:41] # ðŸš€ Focused Search for Relevant Bazinga Files (Avoiding Unnecessary Folders),True,False,False,False,False,False,False,False,False,False,False",0.23333333333333334,Search
12642,2025-03-04 11:46:50,"""[2025-03-04 11:46:50]     const { page = 1, limit = 10, category, emotionalState, search, sortBy = 'createdAt', order = 'desc' } = req.query;"",True,False,False,False,False,False,False,False,False,False,False",0.0,Search
12654,2025-03-04 11:46:50,"[2025-03-04 11:46:50]     if (search) {,True,False,False,False,False,False,False,False,False,False,False",0.0,Search
12655,2025-03-04 11:46:50,"[2025-03-04 11:46:50]       query.$text = { $search: search };,True,False,False,False,False,False,False,False,False,False,False",0.0,Search
19429,2025-03-05 07:47:26,"""[2025-03-05 07:47:26] echo """"Searching for artifacts in trash..."""""",True,False,False,False,False,False,False,False,False,False,False",0.0,Search
19427,2025-03-05 07:47:26,"[2025-03-05 07:47:26] # Search for likely Claude artifacts in trash and copy them to temp recovery,True,False,False,False,False,False,False,False,False,False,False",0.0,Search
21656,2025-03-10 09:44:19,"[2025-03-10 09:44:19] # ðŸš€ Focused Search for Relevant Bazinga Files (Ignoring Unnecessary Folders),True,False,False,False,False,False,False,False,False,False,False",0.0,Search
21950,2025-03-10 10:25:11,"[2025-03-10 10:25:11] # :rocket: Focused Search for Relevant Bazinga Files (Avoiding Unnecessary Folders),True,False,False,False,False,False,False,False,False,False,False",0.0,Search
